Timestamp;Nama;Umur;Jenis_Kelamin;Mood;Sering_Pusing;Sering_Menangis;Sulit_Tidur;Makan_Tidak_Teratur;Sering_Gelisah
30/10/2022 21:36;Thomas Marcellino;22;Laki-laki;Tidak;Tidak;Tidak;Ya;Ya;Ya
30/10/2022 21:51;Miftahul Salafiyah;21;Perempuan;Ya;Ya;Tidak;Ya;Ya;Ya
30/10/2022 21:52;balqies camelia;20;Perempuan;Ya;Tidak;Tidak;Tidak;Tidak;Tidak
30/10/2022 21:55;dinda;19;Perempuan;Ya;Ya;Tidak;Ya;Ya;Ya
30/10/2022 21:55;Faiza;29;Perempuan;Ya;Tidak;Ya;Ya;Ya;Ya
30/10/2022 21:56;iqbal Fitrah ;20;Laki-laki;Tidak;Tidak;Tidak;Ya;Ya;Tidak
30/10/2022 21:57;Nanda Nurjanah ;20;Perempuan;Ya;Ya;Ya;Ya;Ya;Ya
30/10/2022 21:58;Mohammad Rizal Rifans Wibowo;22;Laki-laki;Ya;Ya;Ya;Ya;Ya;Ya
30/10/2022 21:59;Emmazxc;21;Perempuan;Ya;Ya;Ya;Ya;Tidak;Tidak
30/10/2022 22:00;Laila Qurrota A'yunina ;21;Perempuan;Ya;Tidak;Tidak;Ya;Ya;Ya
30/10/2022 22:02;chilmiatus saidah;20;Perempuan;Tidak;Tidak;Tidak;Ya;Ya;Ya
30/10/2022 22:05;Wahyudi;23;Laki-laki;Tidak;Ya;Tidak;Ya;Ya;Tidak
30/10/2022 22:05;ninda;20;Perempuan;Ya;Tidak;Tidak;Ya;Tidak;Tidak
30/10/2022 22:06;Rinda Nikmatun Nisak ;21;Perempuan;Ya;Ya;Ya;Ya;Ya;Ya
30/10/2022 22:06;Ragita Widya;20;Perempuan;Ya;Ya;Ya;Tidak;Tidak;Ya
30/10/2022 22:12;Anggun;20;Perempuan;Ya;Ya;Tidak;Tidak;Tidak;Ya
30/10/2022 22:14;oktavia nur q;20;Perempuan;Ya;Ya;Ya;Ya;Ya;Ya
30/10/2022 22:18;Dian;30;Perempuan;Ya;Tidak;Ya;Ya;Tidak;Ya
30/10/2022 22:27;Angelina;19;Perempuan;Tidak;Tidak;Tidak;Ya;Ya;Ya
30/10/2022 22:30;Dian Feradiah ;20;Perempuan;Ya;Ya;Ya;Ya;Tidak;Ya
30/10/2022 22:30;Indah;20;Perempuan;Ya;Ya;Ya;Ya;Ya;Ya
30/10/2022 22:31;Yani Maila Santi;20;Perempuan;Ya;Ya;Ya;Ya;Ya;Ya
30/10/2022 22:33;Rudi Prasetyo;22;Laki-laki;Tidak;Ya;Tidak;Ya;Tidak;Ya
30/10/2022 22:48;Nurul kamila;20;Perempuan;Ya;Ya;Tidak;Ya;Ya;Ya
30/10/2022 22:50;AGIES LUSIANA PUTRI;21;Perempuan;Ya;Ya;Ya;Ya;Ya;Ya
30/10/2022 22:50;Nurul kamila;20;Perempuan;Ya;Ya;Tidak;Ya;Ya;Ya
30/10/2022 22:50;Ning;21;Perempuan;Ya;Tidak;Ya;Ya;Ya;Tidak
30/10/2022 22:51;Zakki;20;Laki-laki;Tidak;Ya;Tidak;Tidak;Tidak;Ya
30/10/2022 22:56;Nur Jayanti;20;Perempuan;Ya;Ya;Ya;Ya;Ya;Ya
30/10/2022 23:20;Aisyah ;16;Perempuan;Ya;Ya;Tidak;Ya;Ya;Ya
30/10/2022 23:43;Pungky ;30;Perempuan;Ya;Ya;Ya;Ya;Ya;Ya
31/10/2022 00:35;Omega Lestari;23;Perempuan;Tidak;Tidak;Tidak;Ya;Ya;Tidak
31/10/2022 00:37;Hani;17;Perempuan;Ya;Ya;Ya;Tidak;Ya;Ya
31/10/2022 02:55;Ana Nur Faiziah;20;Perempuan;Ya;Tidak;Tidak;Tidak;Ya;Tidak
31/10/2022 03:00;Siska Arifah F;20;Perempuan;Ya;Ya;Ya;Ya;Ya;Ya
31/10/2022 03:37;HIKMATUL IZAH;20;Perempuan;Ya;Ya;Ya;Tidak;Ya;Ya
31/10/2022 03:39;Abdul Muthalib;25;Laki-laki;Ya;Tidak;Tidak;Ya;Tidak;Tidak
31/10/2022 05:02;Maida Ayu Putri ;20;Perempuan;Ya;Ya;Tidak;Tidak;Tidak;Tidak
31/10/2022 05:08;Lailatuz Zahro ;20;Perempuan;Tidak;Tidak;Tidak;Ya;Ya;Tidak
31/10/2022 05:12;Epa Winarni;19;Perempuan;Ya;Ya;Tidak;Ya;Ya;Ya
31/10/2022 05:16;Elly setiani;20;Perempuan;Ya;Ya;Ya;Tidak;Ya;Ya
31/10/2022 05:25;Ayyukum Akhsanu Amala;21;Perempuan;Ya;Ya;Tidak;Tidak;Tidak;Ya
31/10/2022 06:27;Keisha;17;Perempuan;Ya;Ya;Ya;Ya;Ya;Ya
31/10/2022 06:37;Lulu Ardiani Zain ;20;Perempuan;Tidak;Tidak;Tidak;Tidak;Ya;Tidak
31/10/2022 08:41;Deni;22;Laki-laki;Ya;Ya;Tidak;Ya;Ya;Tidak
31/10/2022 08:55;Diana Fajrinnisak;21;Perempuan;Tidak;Ya;Tidak;Ya;Ya;Ya
31/10/2022 08:56;Azzam;21;Laki-laki;Tidak;Tidak;Tidak;Ya;Ya;Tidak
31/10/2022 08:58;Muhamad Abdul Ghofur;22;Laki-laki;Ya;Ya;Tidak;Ya;Ya;Ya
31/10/2022 09:08;AISYAH BELLA SAFIRA;22;Perempuan;Tidak;Tidak;Ya;Ya;Ya;Tidak
31/10/2022 09:13;WARDATUL FITRIA ;18;Perempuan;Ya;Tidak;Tidak;Tidak;Ya;Tidak
31/10/2022 09:16;Erika;20;Perempuan;Ya;Ya;Ya;Ya;Ya;Ya
31/10/2022 09:16;JUWITA PRIHATINI;17;Perempuan;Ya;Tidak;Ya;Tidak;Tidak;Ya
31/10/2022 09:17;Cindy prasonia p;17;Perempuan;Ya;Tidak;Ya;Tidak;Tidak;Ya
31/10/2022 09:19;IKTAMALA MAULIDAH FIYA;18;Perempuan;Ya;Ya;Ya;Tidak;Ya;Ya
31/10/2022 09:24;satrio dwi ;17;Laki-laki;Tidak;Tidak;Tidak;Ya;Tidak;Tidak
31/10/2022 09:29;Vira Al Afiyah;20;Perempuan;Ya;Ya;Tidak;Tidak;Tidak;Tidak
31/10/2022 10:35;Qomaria Rizki Putri;19;Perempuan;Ya;Ya;Ya;Ya;Ya;Ya
31/10/2022 11:02;Rifqi;20;Laki-laki;Tidak;Tidak;Tidak;Ya;Tidak;Ya
31/10/2022 11:11;Farida;20;Perempuan;Ya;Ya;Tidak;Ya;Ya;Ya
31/10/2022 11:14;Bintang;20;Laki-laki;Tidak;Ya;Tidak;Ya;Tidak;Ya
31/10/2022 11:50;Firmansyah;15;Laki-laki;Ya;Tidak;Tidak;Tidak;Ya;Tidak
31/10/2022 11:50;siti fitriah;23;Perempuan;Ya;Tidak;Ya;Ya;Ya;Ya
31/10/2022 11:53;Daka radhiyan yahya;20;Laki-laki;Tidak;Ya;Ya;Ya;Ya;Ya
31/10/2022 11:54;Rassel Petra Adhia;19;Laki-laki;Ya;Tidak;Tidak;Ya;Ya;Ya
31/10/2022 11:54;izza ulil hikma;17;Perempuan;Ya;Tidak;Tidak;Tidak;Tidak;Ya
31/10/2022 11:55;Aprilia Mulyaningtyas;20;Perempuan;Ya;Tidak;Ya;Ya;Ya;Ya
31/10/2022 11:55;Sulthan;19;Laki-laki;Ya;Ya;Tidak;Ya;Ya;Ya
31/10/2022 11:56;Khariroh ;19;Perempuan;Tidak;Tidak;Ya;Tidak;Ya;Tidak
31/10/2022 11:57;Amelia Mulyaningtyas;18;Perempuan;Ya;Tidak;Ya;Tidak;Tidak;Tidak
31/10/2022 11:59;Muhammad Ramdhan Azizi;21;Laki-laki;Tidak;Ya;Tidak;Ya;Tidak;Tidak
31/10/2022 12:01;Ana Faizah;19;Perempuan;Tidak;Tidak;Ya;Ya;Ya;Ya
31/10/2022 12:02;Elmi fatmala;19;Perempuan;Ya;Tidak;Tidak;Ya;Tidak;Tidak
31/10/2022 12:02;M. Habib Nursholehudin ;22;Laki-laki;Ya;Tidak;Tidak;Ya;Ya;Tidak
31/10/2022 12:07;Arya Sastra Wijaya ;22;Laki-laki;Tidak;Ya;Tidak;Ya;Tidak;Tidak
31/10/2022 12:13;Desi;34;Perempuan;Ya;Tidak;Tidak;Tidak;Tidak;Tidak
31/10/2022 12:18;Kurnia Indra Saputra ;21;Laki-laki;Tidak;Tidak;Tidak;Tidak;Ya;Tidak
31/10/2022 12:19;ZARI;20;Perempuan;Ya;Tidak;Ya;Tidak;Ya;Tidak
31/10/2022 12:19;Natasha Klauzia Aksa;20;Perempuan;Ya;Ya;Ya;Ya;Ya;Ya
31/10/2022 12:25;Novitasari ;18;Perempuan;Ya;Ya;Tidak;Tidak;Tidak;Tidak
31/10/2022 12:29;Sofiyatul Hikma;21;Perempuan;Ya;Ya;Tidak;Tidak;Tidak;Tidak
31/10/2022 12:43;Faridatul Hasana ;20;Perempuan;Ya;Tidak;Tidak;Tidak;Tidak;Tidak
31/10/2022 12:44;zakiah;19;Perempuan;Ya;Ya;Ya;Ya;Tidak;Ya
31/10/2022 12:51;Elva Marinda ;19;Perempuan;Ya;Ya;Tidak;Tidak;Tidak;Tidak
31/10/2022 12:52;Salsabela ;20;Perempuan;Ya;Tidak;Ya;Ya;Ya;Ya
31/10/2022 12:52;agnes;18;Perempuan;Tidak;Tidak;Tidak;Tidak;Tidak;Tidak
31/10/2022 12:56;Agnes Sabrina;18;Perempuan;Ya;Tidak;Ya;Ya;Ya;Ya
31/10/2022 13:00;Sisca;18;Perempuan;Ya;Ya;Ya;Tidak;Ya;Ya
31/10/2022 13:02;irine syantik ulalaa;18;Perempuan;Tidak;Tidak;Tidak;Tidak;Tidak;Tidak
31/10/2022 13:07;vyenzcha revenski;18;Perempuan;Ya;Tidak;Tidak;Ya;Ya;Ya
31/10/2022 13:08;Jennifer;18;Perempuan;Tidak;Tidak;Tidak;Tidak;Ya;Tidak
31/10/2022 13:08;Karimul fadili;22;Laki-laki;Tidak;Ya;Tidak;Tidak;Tidak;Tidak
31/10/2022 13:09;Cay;18;Laki-laki;Tidak;Tidak;Tidak;Ya;Ya;Ya
31/10/2022 13:11;Diky Arief Firmansyah ;21;Laki-laki;Tidak;Tidak;Tidak;Ya;Ya;Ya
31/10/2022 13:12;Rian Afrilla;21;Laki-laki;Ya;Ya;Tidak;Ya;Tidak;Tidak
31/10/2022 13:12;bondan;22;Laki-laki;Ya;Tidak;Tidak;Ya;Ya;Tidak
31/10/2022 13:12;Chika;20;Perempuan;Ya;Tidak;Ya;Ya;Tidak;Ya
31/10/2022 13:12;Adika Lutfiturrahnan;21;Laki-laki;Ya;Ya;Tidak;Tidak;Ya;Tidak
31/10/2022 13:14;Dimas;21;Laki-laki;Tidak;Tidak;Tidak;Ya;Tidak;Ya
31/10/2022 13:27;Nadifah Fairuz Zahirah ;19;Perempuan;Ya;Ya;Ya;Tidak;Tidak;Tidak
31/10/2022 13:28;Ayudia;19;Perempuan;Ya;Tidak;Ya;Ya;Tidak;Ya
31/10/2022 13:30;Oshi;19;Laki-laki;Ya;Tidak;Tidak;Tidak;Tidak;Ya
31/10/2022 13:31;raihan rasend;19;Laki-laki;Ya;Tidak;Tidak;Ya;Ya;Tidak
31/10/2022 13:44;Anita Fitriani;20;Perempuan;Ya;Ya;Ya;Ya;Ya;Ya
31/10/2022 13:47;Arif;21;Laki-laki;Tidak;Ya;Tidak;Tidak;Ya;Tidak
31/10/2022 13:49;Yulian ;18;Laki-laki;Ya;Tidak;Tidak;Tidak;Tidak;Ya
31/10/2022 13:53;Meuthya Daffa;17;Perempuan;Ya;Tidak;Tidak;Tidak;Tidak;Ya
31/10/2022 13:59;Evelyn;18;Perempuan;Tidak;Ya;Ya;Ya;Tidak;Ya
31/10/2022 14:04;Siti julaikhah;19;Perempuan;Ya;Ya;Tidak;Ya;Ya;Ya
31/10/2022 14:12;priscill;18;Perempuan;Tidak;Ya;Tidak;Ya;Ya;Ya
31/10/2022 14:38;Khilmiyatul lutfiyah;20;Perempuan;Ya;Tidak;Tidak;Tidak;Tidak;Tidak
31/10/2022 14:41;Widyaningsih ;18;Perempuan;Ya;Ya;Tidak;Tidak;Tidak;Tidak
31/10/2022 15:10;Difani Love;18;Perempuan;Tidak;Tidak;Tidak;Ya;Ya;Ya
31/10/2022 15:32;Dania Wulan Arnelita;18;Perempuan;Tidak;Ya;Tidak;Tidak;Tidak;Ya
31/10/2022 15:40;David;18;Laki-laki;Tidak;Ya;Tidak;Tidak;Ya;Tidak
31/10/2022 15:51;Selvia;20;Perempuan;Ya;Ya;Ya;Tidak;Ya;Tidak
31/10/2022 16:02;Shofiyatul hikma;20;Perempuan;Tidak;Tidak;Tidak;Tidak;Tidak;Tidak
31/10/2022 16:49;Amelia Rut Suprapto ;18;Perempuan;Ya;Tidak;Ya;Tidak;Tidak;Ya
31/10/2022 17:13;Yana Maila Sinta ;20;Perempuan;Tidak;Tidak;Tidak;Tidak;Tidak;Tidak
31/10/2022 17:24;Nofiatus solihah;18;Perempuan;Ya;Ya;Ya;Ya;Ya;Ya
31/10/2022 17:47;Adrian;18;Laki-laki;Ya;Tidak;Tidak;Tidak;Ya;Tidak
31/10/2022 18:36;Dewi Novita;22;Perempuan;Ya;Tidak;Ya;Tidak;Tidak;Ya
